flow_id,days_since_commit
206852,338
206964,325
206965,338
206966,338
206968,325
206970,338
206973,294
207367,338
207368,340
207369,325
207372,338
207375,338
207849,336
207850,336
207851,336
207853,336
207854,336
207855,336
207856,336
207857,336
207858,336
207859,336
207939,332
208045,325
208080,326
208095,338
208096,325
208098,336
208100,325
208102,294
208110,316
208111,294
208112,154
208113,319
208114,319
208116,325
208121,345
208143,324
208194,319
208214,327
208216,327
208221,327
208222,327
208232,337
208234,325
208287,323
208289,323
208292,323
208293,323
208294,323
208304,322
208330,322
208331,326
208335,322
208337,325
208338,345
208339,345
208340,322
208408,319
208410,319
208478,340
208480,340
208481,340
208482,340
208644,344
208645,338
208692,316
208695,316
208696,316
208699,316
208700,316
208780,315
208864,315
208928,312
208940,312
208947,312
208949,312
208950,312
208953,312
208954,312
209043,311
209132,311
209133,311
209134,310
209136,310
209137,310
209155,310
209159,344
209160,343
209163,310
209165,341
209166,340
209168,310
209234,309
209341,308
209342,308
209397,305
209505,305
209506,305
209368,338
209369,338
209370,337
209371,336
209372,336
209373,340
209430,331
209431,330
209432,322
209433,322
209436,332
209437,335
209792,308
209793,305
209851,301
209860,301
209862,301
209863,301
209865,301
209761,312
209811,302
209914,309
209915,309
209916,309
209755,315
209756,315
209757,315
209758,315
209759,315
209772,304
209810,302
209885,301
209887,301
209888,301
209931,298
209932,298
209933,298
209934,298
209935,298
209936,298
209937,298
209938,298
209939,298
209940,298
209941,298
209943,298
210020,298
210021,297
210031,330
210032,330
210033,330
210034,297
210083,309
210112,305
210139,296
210140,296
210141,296
210142,296
210143,296
210144,296
210172,309
210173,309
210174,309
210230,332
210231,323
209337,308
209754,343
210149,301
210216,297
210217,298
210218,296
210306,341
210307,341
210308,312
210311,317
209809,302
210237,294
210336,309
210337,324
210349,322
210351,294
210353,291
210355,294
210356,319
210360,294
210361,294
210363,325
210364,294
210365,294
210366,294
210367,294
210368,294
210455,294
210467,259
210471,294
210488,288
210491,308
210492,308
210493,308
210507,288
210510,288
210548,259
210549,294
210586,288
209164,310
209881,301
209883,301
210819,274
210863,283
210864,300
210865,296
210866,309
210870,283
210879,290
210903,290
210905,290
210906,290
210907,290
210910,290
210941,259
210952,259
210958,283
211066,281
211067,281
211068,281
211107,281
211180,281
211181,281
211182,281
211183,281
211184,281
211185,281
211207,281
211217,309
211236,281
211258,281
211260,281
211261,281
211264,280
211265,281
211095,281
211191,280
211452,278
211453,278
211454,278
211455,278
211456,278
211515,295
211516,295
211570,336
211586,324
211587,308
211588,308
210862,308
207483,338
210158,296
210312,341
210429,289
210453,338
211211,309
211262,281
207732,340
208084,337
211603,275
211615,274
211617,274
211618,274
211622,274
211623,274
211627,274
211628,274
211632,274
211633,274
211634,274
211636,274
211642,274
211649,274
211702,273
211704,276
211721,273
211748,274
211826,270
211829,270
211830,280
211831,280
211832,280
211850,270
211851,270
211852,270
212020,297
212021,297
212022,269
212024,270
212025,274
212026,274
212027,274
212028,318
212032,297
212049,273
212063,315
212066,277
212067,315
212068,315
212069,315
212070,315
212071,315
212072,276
212244,263
212246,263
212247,263
212248,263
212249,263
212250,263
212311,266
212325,267
212353,324
212371,263
212376,268
212439,263
212440,263
212443,263
212515,294
212588,289
212594,259
212595,259
212596,259
212598,260
212599,260
212601,259
212619,260
212654,259
212661,259
212662,259
212663,259
212665,259
212671,259
212674,259
212831,259
212832,259
212833,259
212834,259
212835,270
212837,259
212838,343
212840,259
212841,256
212845,256
212846,259
212848,256
212850,256
212851,256
212855,256
212857,259
212858,259
212994,259
213001,254
213004,254
213008,254
213017,254
213022,254
213027,254
213028,254
213034,254
213054,256
213057,256
213060,256
213061,256
213115,259
213116,259
213118,259
213121,255
213123,255
213125,255
213126,255
213127,255
213128,253
213129,253
213130,253
213131,253
213145,259
213146,259
213149,259
213150,234
213155,234
213156,177
213157,177
213161,177
213188,252
213196,260
213227,290
213228,290
213229,290
213231,290
213232,290
213233,290
213234,290
213235,290
213236,290
213237,290
213245,290
213246,290
213257,249
213265,274
213332,251
213333,251
213346,234
213350,234
213354,168
213355,177
213356,234
213376,248
213528,305
213536,331
213537,331
213541,317
213543,317
213547,268
213548,247
213563,247
213565,247
213567,246
213571,247
213582,247
213587,247
213588,247
213589,247
213595,247
213597,247
213601,247
213609,247
213612,247
213617,247
213641,245
213668,248
213690,246
213716,246
213717,245
213718,249
213744,246
213884,241
213888,241
214025,315
214026,315
214027,315
214028,315
214066,261
214218,237
214224,239
214225,239
214226,239
214227,239
214230,239
214233,239
214235,240
214236,240
214237,240
214238,240
214239,240
214240,240
214242,240
214243,240
214244,240
214245,240
214250,240
214252,240
214253,240
214254,240
214256,240
214257,240
214258,240
214259,240
214260,240
214261,240
214262,240
214335,234
214456,234
214533,319
214973,231
214974,231
214976,231
215016,233
215017,233
215018,233
211103,281
215026,234
210070,309
215037,234
215038,234
215040,234
215049,234
215050,234
215051,234
214516,234
209942,298
211090,281
211517,275
215112,231
215187,233
215189,231
215190,231
215192,231
215193,231
215194,231
215195,231
215196,231
215198,231
215199,233
215200,233
215201,233
215202,233
215205,233
215206,233
215224,233
215227,233
215228,233
215230,233
215231,233
215232,233
215233,233
215234,233
215235,233
215236,233
215069,231
215095,231
215108,231
215132,262
215251,228
215316,234
214588,267
214589,267
215390,233
215407,255
215408,257
215409,260
215410,242
215071,231
214170,238
215110,231
215519,226
215525,226
215531,233
215536,224
215537,224
215562,248
215563,248
215564,248
215565,224
215567,224
215568,224
215569,224
215570,224
215571,224
215572,224
215573,224
215574,224
215575,224
215576,224
215577,224
215578,224
215579,224
215639,290
215341,226
215643,248
215644,248
215646,248
215650,282
215656,277
215659,266
215660,296
215662,266
215663,283
215664,308
215665,277
215666,277
215667,277
215668,277
215669,277
215671,270
215762,264
215764,220
215768,220
215769,259
215770,248
215771,309
215772,309
215773,309
215774,309
215775,319
215777,276
215599,244
208860,315
216004,303
208976,315
209782,280
214645,319
215126,246
210242,319
214865,238
208854,316
216255,273
216256,273
216257,273
216258,271
216259,270
216260,269
216261,267
216262,266
216263,266
216265,266
216297,263
216298,262
216299,262
216300,261
216301,261
216302,261
216303,261
216304,260
216311,259
216312,259
216314,256
216315,255
216318,256
216319,255
216320,253
216412,253
216414,253
216418,249
216420,249
216421,246
216422,246
216423,245
216424,242
216425,242
216426,241
216433,227
216435,228
216436,228
216443,211
216448,222
216534,322
216535,270
215600,227
216491,214
216492,214
216493,214
216494,214
216515,213
216538,240
216539,240
216540,238
216541,235
216552,234
216553,233
216554,232
216555,232
216575,253
216576,253
216577,253
216578,253
216579,253
216580,253
216581,253
216592,290
216593,290
214587,235
216512,235
216513,235
216514,210
216597,290
216599,290
216601,290
216602,290
216605,290
216607,290
216608,290
216609,290
216610,290
216611,290
216612,290
216613,290
216614,290
214583,235
216511,235
216645,253
216646,253
216647,253
216648,253
216649,253
216650,253
216651,253
216652,253
216662,207
216657,207
216050,217
216488,210
216489,210
216490,210
216663,207
216664,207
216665,207
216666,207
216667,207
216730,217
216737,217
207733,340
216739,217
216743,217
216744,217
216745,217
216746,217
210153,296
216762,206
216760,206
216761,206
216793,217
216795,217
216796,217
216798,217
216807,217
216808,217
216809,217
216810,217
216811,217
216822,217
216827,217
216828,217
216830,217
216834,224
216842,217
216858,217
216865,217
216869,217
216878,217
214463,233
216898,263
216903,217
216904,217
216905,217
216908,217
216909,217
216910,217
216958,204
216963,204
216964,204
216965,204
216991,277
207988,338
208862,315
208876,323
214635,315
214796,323
216322,211
216501,210
216503,210
216504,210
216505,210
216506,210
216507,210
216955,204
216207,213
216208,213
216218,213
217114,268
214578,261
214593,255
217115,204
217143,217
217144,253
207306,340
213639,249
215342,226
217162,199
217235,206
217236,205
217237,200
217238,200
216330,283
216332,214
216333,214
214712,323
214063,332
215611,228
215858,232
209172,337
217397,338
217398,271
217399,338
217400,338
217401,338
217402,338
217403,338
217404,338
217405,338
217406,338
217407,338
217408,338
217410,338
217429,197
217431,197
217432,338
217433,261
217434,261
217435,261
217436,261
217437,261
217438,261
217447,204
217455,253
217456,253
217457,253
217458,253
217459,253
217460,253
217461,197
217462,228
217463,228
217464,197
217465,228
217466,228
217467,228
217468,228
217469,228
217502,193
211741,315
216006,253
216679,210
211266,281
217591,228
217598,228
217620,210
217621,204
217626,192
214041,343
217687,192
217694,228
217696,228
217700,228
217702,228
217705,197
217706,228
217708,228
217757,189
217758,189
217759,343
217760,189
212600,259
216309,217
214794,249
215613,234
207899,338
207900,332
208564,323
211267,281
214985,248
214987,248
214989,248
214991,248
216134,221
217111,221
217715,210
214982,248
214984,248
214993,248
214995,248
214997,248
214998,248
216135,221
216137,221
216141,225
216521,218
216960,219
217030,219
217173,221
217281,210
208565,322
208573,322
217930,199
214721,303
208878,315
208567,323
214764,315
216061,217
216225,219
218013,182
218014,182
217835,186
218023,308
208861,315
218056,186
218091,179
218092,179
218093,179
218094,179
218095,179
218096,179
218097,179
218098,179
217357,193
217359,193
217360,193
217361,193
218115,267
218123,178
214650,338
208869,315
208912,319
210080,309
207989,338
218265,319
218280,182
207585,338
207586,338
208309,336
208688,338
208852,322
209058,315
209359,323
210159,301
210220,303
211563,253
214613,315
215124,234
215503,248
215533,248
215846,234
215851,219
215855,226
215863,219
215873,340
216011,218
216148,214
216516,214
216791,217
216859,220
216866,226
217280,210
217839,200
218298,189
218301,186
218309,179
218312,240
218315,338
218332,172
218333,172
218334,172
218336,172
218363,301
218369,298
218370,298
218374,263
218377,188
218392,220
218404,214
218419,206
218420,206
218421,206
218422,206
218423,206
218424,211
218425,211
218426,211
218427,211
218430,222
218444,179
218445,179
218446,179
218450,177
218452,177
218455,177
218461,177
218462,177
218463,177
218464,177
218468,177
218482,177
218485,177
218486,177
218488,177
218491,234
218492,177
218494,177
218500,177
218519,182
218545,174
218554,304
218556,290
218585,182
218609,243
218610,277
218612,277
218626,171
218627,171
218636,176
218638,171
218641,270
218670,174
218686,185
218706,308
218719,168
218720,168
218722,199
218724,172
218726,168
218741,165
218746,165
218748,165
218757,172
218758,239
218759,247
218761,284
218767,186
218768,186
218769,186
218770,158
218797,165
214176,238
215412,225
215413,225
218812,165
218814,165
218829,165
218831,165
218832,165
216517,225
218836,337
218837,337
218838,337
218839,337
218840,165
218841,165
218842,165
218843,337
218844,337
218845,337
218846,337
218847,337
218848,337
218849,337
218850,337
218851,337
218852,337
218853,337
218855,337
218856,337
218857,337
218859,337
218861,337
213443,268
218872,164
218880,165
218883,165
218297,183
218884,165
218885,165
218886,301
218887,301
218888,301
218889,301
218892,301
218893,301
218895,301
218896,301
218897,301
218898,301
218900,301
218903,301
218905,301
218906,301
218907,301
218909,301
218911,301
218912,301
218914,301
218915,301
218916,301
218917,301
218918,301
218919,165
218920,301
218921,301
218922,165
218923,301
218924,165
218925,301
218928,165
218956,165
218957,168
218958,168
218959,168
218960,168
218961,165
218962,165
218963,165
218964,165
218965,165
218966,165
218967,168
218968,165
218974,168
218990,163
218992,163
218993,163
218994,163
218995,163
218996,163
218997,163
218989,163
218998,289
219028,165
219029,165
219030,165
219036,165
219037,165
219038,165
219039,165
219040,165
219043,165
219044,165
219045,165
219046,165
219047,165
219059,166
219070,165
219072,165
219092,177
219094,177
219095,177
219097,294
214757,315
214783,332
214801,338
214814,323
219098,294
219099,294
219100,294
219101,294
219102,294
219103,294
219104,294
219105,294
219106,294
219107,294
215350,340
209352,309
214623,304
214728,309
219123,161
212262,280
219160,158
219161,158
219162,158
219163,158
219164,158
219165,158
219166,158
219167,158
219168,158
219222,168
219225,337
219226,337
219227,337
219228,337
219229,337
219231,337
219232,337
219233,337
219234,337
219235,337
219236,337
219245,301
219246,301
219248,301
219249,301
219250,301
219251,301
219252,301
219253,301
219255,301
219256,301
219258,301
219259,301
219260,301
219280,266
219300,168
208557,322
219293,219
219319,168
219320,168
219324,156
219325,168
219326,168
219327,168
219328,168
219344,155
219392,197
219394,176
219397,198
219419,186
219421,186
219422,186
219423,186
219425,186
219426,186
219437,186
219438,186
219439,186
215842,225
219501,186
219506,186
219508,156
219510,156
219512,186
219513,186
219514,186
219517,186
219518,186
219519,186
219520,186
219521,186
219522,186
219577,186
219578,186
219579,186
219620,162
219642,186
219655,149
219673,186
219674,186
219675,186
219676,186
219677,186
219757,148
219758,148
219760,148
219762,148
219765,148
219766,148
219767,148
219683,162
219684,162
219768,148
219769,148
219770,148
219771,148
219772,148
219773,148
219774,148
219775,148
219777,148
219780,148
219782,148
219784,148
219785,148
219786,148
219787,148
219788,148
219789,148
219791,148
219792,148
219472,154
219801,148
219805,148
216519,226
219823,167
219824,168
219825,168
219826,168
219827,168
219828,168
219829,168
219830,168
219831,168
219832,168
219833,168
219834,168
219836,168
219837,168
219838,168
219842,168
219843,168
219844,168
219845,168
219343,155
219623,149
219625,149
219846,168
219847,168
219848,168
219849,168
219850,168
208128,338
208129,338
219323,156
219852,345
219854,345
219856,338
219857,338
219858,345
219859,298
219865,298
219867,289
219869,185
219871,284
211099,324
213720,249
214186,238
214193,238
215120,242
215121,309
215357,226
215424,242
215844,219
216049,217
216051,217
216052,217
216053,217
216054,217
216055,217
216056,217
216057,217
216058,217
216059,217
216060,217
218567,170
218583,270
219114,338
219115,338
219116,338
219117,338
219687,149
219688,149
219779,148
219874,147
219875,147
219876,147
219877,147
219878,147
219879,147
219880,147
219881,147
219882,147
219883,147
219884,147
219885,147
219886,147
219896,227
219904,218
219905,220
219906,220
220019,144
220046,162
220204,163
220205,161
220219,157
220221,142
220222,142
220236,338
220237,338
220238,336
220240,336
220241,336
220245,336
220246,336
220248,336
220256,340
220282,248
220313,252
220314,254
220336,142
220362,142
220363,142
220364,142
220365,142
220366,142
220367,142
220369,148
220370,149
220371,219
220438,185
220439,185
220440,185
220578,239
220579,239
220596,224
220599,338
220785,333
220787,333
220931,221
220987,150
220988,150
220989,150
220990,150
220991,150
220992,150
220993,150
220994,150
220995,150
220996,150
220997,150
220998,150
220999,150
221000,150
221001,150
221002,150
221003,150
221082,150
221083,150
221084,150
221085,150
221144,321
221158,294
221160,286
221179,324
221180,324
221181,324
221182,319
221183,319
221184,319
221185,319
221186,319
221187,319
221188,319
221189,211
221405,324
221409,324
221411,324
221413,324
221416,324
221417,324
221420,324
221424,324
221425,324
221426,324
221427,324
221428,324
221429,324
221430,324
221431,324
221432,324
221433,324
221434,324
221435,324
221436,324
221437,324
221438,324
221439,324
221440,324
221441,324
221442,324
221443,324
221444,324
221445,324
221448,324
221449,324
221453,324
221454,324
221455,324
221462,324
221463,324
221465,324
221467,324
221468,324
221469,324
221472,324
221473,324
221474,324
221475,324
221476,324
221477,324
221479,324
221480,324
221482,324
221483,324
221484,324
221487,324
207322,340
207326,308
207897,336
208559,323
208881,323
208884,315
209950,301
211451,280
213470,259
213471,259
213480,259
213481,259
213643,249
213712,242
214584,235
214585,235
214617,289
214642,316
214674,319
214731,322
214980,238
215118,231
215444,249
215843,221
216015,219
216069,216
217016,203
217989,192
219289,157
219290,157
220493,141
220494,141
220495,141
220496,141
220497,141
220498,141
220500,143
221339,235
221340,235
221341,235
221550,324
221567,208
221570,208
221583,219
221584,219
221585,324
221726,138
221727,138
221912,126
221920,268
222141,170
222142,170
222143,224
222154,185
222155,185
222163,123
222164,123
222168,133
222321,119
222323,119
222400,140
222402,140
222411,124
222543,247
222570,162
222580,127
222583,225
222698,116
222699,155
222701,155
222703,155
222709,155
222710,155
222711,155
222720,155
222722,155
222723,155
222726,155
222753,157
222767,134
222798,322
222829,155
222832,155
222834,155
222838,155
222840,155
222841,155
222846,155
222847,155
222848,155
222895,116
222907,116
222962,156
222988,172
222993,155
222999,155
223001,155
223054,155
223090,136
223091,155
223093,155
223096,168
223102,168
223104,168
223107,168
223111,301
223194,337
223232,221
223238,221
223239,221
223266,221
223267,221
217172,221
223319,121
223321,121
223324,109
223349,109
223376,109
223396,171
223398,175
223409,148
211630,274
223531,107
223535,107
223536,107
223537,107
223538,107
223567,301
223568,301
223569,216
223570,216
223571,216
212656,259
213985,337
223611,107
223614,107
223644,206
223645,130
223646,130
223647,130
223648,130
223649,130
223650,130
223654,127
223656,185
223659,191
223660,184
223661,157
223662,143
223663,136
223666,171
223667,197
223669,163
223670,305
223671,203
223695,122
223696,122
214615,309
215354,309
223813,105
223815,105
223842,102
223843,102
223844,102
223845,102
223846,102
223847,102
223809,105
223897,102
223900,102
223902,102
223904,102
223906,102
223907,102
223909,102
223910,102
223912,102
223913,102
223914,102
223972,101
223973,101
223997,101
224080,248
224081,248
224183,111
224184,111
224221,98
224265,95
224276,124
224242,98
224297,101
224307,247
224333,94
224334,94
224335,94
224336,94
224337,94
224338,94
224339,94
224340,94
224341,94
224342,94
224343,94
224344,94
224345,94
224346,94
224347,94
224433,94
224434,94
224436,94
224438,94
224443,98
224445,98
224453,93
222625,115
224511,93
224512,93
224513,93
224514,127
224532,185
224535,124
224536,124
224537,124
224540,124
224541,124
224542,124
224570,124
224575,124
224580,92
224603,92
224605,92
224617,92
224618,92
224619,92
215617,281
224792,91
224801,92
224808,92
224811,91
224812,91
224819,92
224837,92
224894,88
224895,88
224073,100
224915,100
224958,124
225015,124
216130,214
223320,121
214795,249
218516,171
225299,85
225312,217
225313,217
225314,217
225315,217
225316,217
225317,217
225318,217
225319,217
225320,217
225321,217
225322,217
225429,81
225502,116
225580,116
225587,308
225594,116
225605,88
214634,296
215423,249
216070,216
225631,78
225680,77
225681,77
225713,116
225714,116
225715,116
225718,116
225764,74
225765,74
225808,79
215607,249
215832,232
215864,221
225932,163
